Gamescast,gamescast,True
Kinda Funny Games Daily,kfgd,True
Gameplay,gameplay,True
PS I Love You XOXO,psily,False
Reactions,reactions,True
Xcast,xcast,False
Kinda Funny Wrestling,kfw,False
The Blessing Show,blessing-show,False
Miscellaneous,misc,False
Party Mode,party-mode,False
The PSVR Show,psvr-show,False
First Impressions,first-impressions,False
Oreo Oration,oreo-oration,False
Cooking With Greggy,cooking-with-greggy,False
The GameOverGreggy Show,gog,False
Nick Names,nick-names,False
Kinda Funny Live,kinda-funny-live,False
Love & Sex Stuff,love-sex-stuff,False
Animated,animated,False
Kinda Funny Morning Show,kfms,False
In Review,in-review,True
Internet Explorerz,internet-explorerz,False
KF/AF,kfaf,False
Debatable,debatable,False
Kinda Funny Podcast,kf-podcast,True
Screencast,screencast,True
We Have Cool Friends,we-have-cool-friends,False
Kinda Funny Football League,kffl,False
Gregway,gregway,False
The Sh!t List,sht-list,False
Kinda Feudy,kinda-feudy,False
Remember Blank,remember-blank,False
AMA,ama,False
Next Gen,next-gen,False
Shorts,shorts,False
The Spare Bedroom,the-spare-bedroom,False
Kinda Anime,kinda-anime,False
Vlog,vlog,False
Showcase,showcase,False
Colin Was Right,colin-was-right,False
A Conversation With Colin,a-conversation-with-colin,False
Follow the Liter,follow-the-liter,False
Portillo,portillo,False
Game Showdown,game-showdown,True
Highlights,highlights,True
Announcements,announcements,False
Kinda Munchies,kinda-munchies,False
Community,community,False
Special Presentation,special-presentation,False
